Key,English,Polish
CHARACTER_INC_000001,Mikyel,Mikyel
CHARACTER_INC_000011,Noier,Noier
CHARACTER_INC_000017,[Sage] Radion,[Mędrzec] Radion
CHARACTER_INC_000021,Boboku,Boboku
CHARACTER_INC_000027,Boboko,Boboko
CHARACTER_INC_000033,Luda,Luda
CHARACTER_INC_000034,Weapons,Bronie
CHARACTER_INC_000035,Armors,Zbroje
CHARACTER_INC_000039,Lui,Lui
CHARACTER_INC_000043,Arrows,Strzały
CHARACTER_INC_000045,Losha,Losha
CHARACTER_INC_000051,Marche,Marche
CHARACTER_INC_000057,Julia,Julia
CHARACTER_INC_000059,Dior,Dior
CHARACTER_INC_000065,Is,Is
CHARACTER_INC_000068,Iske,Iske
CHARACTER_INC_000070,Ispim,Ispim
CHARACTER_INC_000072,Isruel,Isruel
CHARACTER_INC_000075,Ismeralda,Ismeralda
CHARACTER_INC_000083,Flaris Pang,Pang Flaris
CHARACTER_INC_000091,Jeff,Jeff
CHARACTER_INC_000099,[High-Dwarpet] Tucani,[Wysoki-Krasnolud] Tucani
CHARACTER_INC_000101,[Jester Wise-man] Radyon,[Mędrzec Błazna] Radyon
CHARACTER_INC_000103,[Ranger Wise-man] Kimel,[Mędrzec Strzelec] Kimel
CHARACTER_INC_000111,[Pepoview] Brodeay,[Pepoview] Brodeay
CHARACTER_INC_000113,[Pepoview] Ruminerr,[Pepoview] Ruminerr
CHARACTER_INC_000115,[Pepoview] Ellangdl,[Pepoview] Ellangdl
CHARACTER_INC_000117,[Pepoview] Hotse,[Pepoview] Hotse
CHARACTER_INC_000119,[Pepoview] Vianlee,[Pepoview] Vianlee
CHARACTER_INC_000121,[Pepoview] Clackcable,[Pepoview] Clackcable
CHARACTER_INC_000125,Lancomi,Lancomi
CHARACTER_INC_000127,Helena,Helena
CHARACTER_INC_000129,Martin,Martin
CHARACTER_INC_000135,Bill,Bill
CHARACTER_INC_000141,Tina,Tina
CHARACTER_INC_000144,Fuel,Paliwo
CHARACTER_INC_000147,Bulrox,Bulrox
CHARACTER_INC_000153,Bozman,Bozman
CHARACTER_INC_000159,Colack,Colack
CHARACTER_INC_000165,Karin,Karin
CHARACTER_INC_000171,Leann,Leann
CHARACTER_INC_000172,Accessories,Akcesoria
CHARACTER_INC_000174,Ann,Ann
CHARACTER_INC_000176,Herth,Herth
CHARACTER_INC_000178,Janne,Janne
CHARACTER_INC_000180,Kimberley,Kimberley
CHARACTER_INC_000186,Saint Pang,Saint Pang
CHARACTER_INC_000200,[MagicBox] Ancimys,[Magiczna Skrzynia] Ancimys
CHARACTER_INC_000226,Lurif,Lurif
CHARACTER_INC_000228,Darkon Pang,Pang Darkona
CHARACTER_INC_000230,Stima,Stima
CHARACTER_INC_000231,Mercenary,Najemnik
CHARACTER_INC_000232,Assist,Asystent
CHARACTER_INC_000233,Acrobat,Akrobata
CHARACTER_INC_000234,Magician,Mag
CHARACTER_INC_000236,Phacham,Phacham
CHARACTER_INC_000260,Achaben,Achaben
CHARACTER_INC_000261,Collector,Pochłaniacz
CHARACTER_INC_000262,Poster,Plakat
CHARACTER_INC_000263,Magic Tools,Magiczne Narzędzia
CHARACTER_INC_000264,Arrow,Strzały
CHARACTER_INC_000266,Almani,Almani
CHARACTER_INC_000267,Broom,Miotła
CHARACTER_INC_000268,Board,Tablica
CHARACTER_INC_000272,Bolpor,Bolpor
CHARACTER_INC_000273,Food,Jedzenie
CHARACTER_INC_000280,Eshylop,Eshylop
CHARACTER_INC_000284,Haven,Haven
CHARACTER_INC_000285,Wand,Różdżka
CHARACTER_INC_000286,Staff,Personel
CHARACTER_INC_000288,Robe,Szata
CHARACTER_INC_000290,Ollien,Ollien
CHARACTER_INC_000292,Roocky,Roocky
CHARACTER_INC_000298,Remine,Remine
CHARACTER_INC_000304,Krinton,Krinton
CHARACTER_INC_000305,Shields,Tarcze
CHARACTER_INC_000310,Dr. Est,Dr. Est
CHARACTER_INC_000312,Dr. Estly,Dr. Estly
CHARACTER_INC_000314,Dr. Estern,Dr. Estern
CHARACTER_INC_000316,Darkon Pang II,Pang Darkona II
CHARACTER_INC_000318,Kablloc,Kablloc
CHARACTER_INC_000324,Chenbing,Chenbing
CHARACTER_INC_000330,Jinitte,Jinitte
CHARACTER_INC_000336,Tandy,Tandy
CHARACTER_INC_000338,Blinkwing,Błyskające Skrzydła
CHARACTER_INC_000339,Class Goods,Przedmioty Klasy
CHARACTER_INC_000342,[Acrobat Drillmaster] Hent,[Instruktor Akrobatów] Hent
CHARACTER_INC_000344,[Acrobat Master] Pyre,[Mistrz Akrobat] Pyre
CHARACTER_INC_000346,[Acrobat Instructor] Tailer,[Instruktor Akrobatów] Tailer
CHARACTER_INC_000348,[Jester Master] Lorein,[Mistrz Błazna] Lorein
CHARACTER_INC_000350,[Jester Priest] Homeit,[Ksiądz Błazna] Homeit
CHARACTER_INC_000352,[Jester Guardian] Heingard,[Strażnik Błazna] Heingard
CHARACTER_INC_000354,[Ranger Master] Eliff,[Mistrz Strzelec] Eliff
CHARACTER_INC_000356,[High-Dwarpet] Liekyen,[Wysoki Dwarpet] Liekyen
CHARACTER_INC_000358,[Ranger Priest] Rupim,[Ksiądz Strzelec] Rupim
CHARACTER_INC_000360,[Ranger Guardian] Kailreard,[Strażnik Strzelec] Kailreard
CHARACTER_INC_000362,Santa,Św. Mikołaj
CHARACTER_INC_000364,Priest,Kapłan
CHARACTER_INC_000366,Hans,Hans
CHARACTER_INC_000368,Guardian Master,Mistrz Strażników
CHARACTER_INC_000372,Shun,Shun
CHARACTER_INC_000378,Rocbin,Rocbin
CHARACTER_INC_000382,Shield,Tarcza
CHARACTER_INC_000384,Ciel,Ciel
CHARACTER_INC_000390,Yuna,Yuna
CHARACTER_INC_000396,Heron,Heron
CHARACTER_INC_000398,Cell,Cell
CHARACTER_INC_000400,Rankashu,Rankashu
CHARACTER_INC_000402,Drian,Drian
CHARACTER_INC_000404,Nevil of Prison,Nevil of Prison
CHARACTER_INC_000406,Nevil,Nevil
CHARACTER_INC_000408,Bernard,Bernard
CHARACTER_INC_000410,Kazen,Kazen
CHARACTER_INC_000412,Andre,Andre
CHARACTER_INC_000414,Nein,Nein
CHARACTER_INC_000418,Banker Pang,Pang Bankier
CHARACTER_INC_000420,Guild Siege Merchant,Sprzedawca Oblężenia Gildii
CHARACTER_INC_000430,Furan,Furan
CHARACTER_INC_000434,[Guild Siege Manager] Frankie,[Kierownik Oblężenia Gildii] Frankie
CHARACTER_INC_000436,[Guild Siege Manager] Donaris,[Kierownik Oblężenia Gildii] Donaris
CHARACTER_INC_000438,[Santa] Buruto,[Święty Mikołaj] Buruto
CHARACTER_INC_000440,[Santa] Aramy,[Święty Mikołaj] Aramy
CHARACTER_INC_000442,[Santa] Atto,[Święty Mikołaj] Atto
CHARACTER_INC_000444,[Probationer Cook] Juglin,[Uczeń Kucharza] Juglin
CHARACTER_INC_000454,Hachal,Hachal
CHARACTER_INC_000458,[Great Magician] Laola,[Wielki Magik] Laola
CHARACTER_INC_000460,[Dreadpet Manager] Himadel,[Kierownik Dreadpet] Himadel
CHARACTER_INC_000462,[Dreadpet Manager] Gornus,[Kierownik Dreadpet] Gornus
CHARACTER_INC_000464,[Dreadpet Manager] Kanane,[Kierownik Dreadpet] Kanane
CHARACTER_INC_000466,[Mercenary Drillmaster] Mustang,[Instruktor Najemników] Mustang
CHARACTER_INC_000468,[Mercenary Master] Andy,[Mistrz Najemnik] Andy
CHARACTER_INC_000470,[High-Dwarpet] Langdrong,[Wysoki Dwarpet] Langdrong
CHARACTER_INC_000472,[Mercenary Instructor] Hyuit,[Instruktor Najemnika] Hyuit
CHARACTER_INC_000474,[Assist Drillmaster] Elic,[Instruktor Asysteta] Elic
CHARACTER_INC_000476,[Assist Master] Maki,[Mistrz Asystent] Maki
CHARACTER_INC_000478,[High-Dwarpet] Goripeg,[Wysoki Dwarpet] Goripeg
CHARACTER_INC_000480,[Assist Instructor] Kidmen,[Instruktor Pomocy] Kidmen
CHARACTER_INC_000482,[High-Dwarpet] Hastan,[Wysoki Dwarpet] Hastan
CHARACTER_INC_000484,Rudvihil,Rudvihil
CHARACTER_INC_000486,Ancimys,Ancimys
CHARACTER_INC_000488,[Historian] Martinyc,[Historyk] Martinyc
CHARACTER_INC_000490,[Mayor of Flarine],[Burmistrz Flarine]
CHARACTER_INC_000492,[Public Official of Flarine],[Urzędnik publiczny Flarine]
CHARACTER_INC_000494,[Novelist] Gergantes,[Powieściopisarz] Gergantes
CHARACTER_INC_000496,[Magician Drillmaster] Wingyei,[Instruktor Magów] Wingyei
CHARACTER_INC_000498,[Magician Master] Hee,[Mistrz Mag] Hee
CHARACTER_INC_000500,[Magician Instructor] Lopaze,[Instruktor Magika] Lopaze
CHARACTER_INC_000502,Helgar,Helgar
CHARACTER_INC_000504,Heltung,Heltung
CHARACTER_INC_000506,Strange Collector,Dziwny Kolekcjoner
CHARACTER_INC_000508,[BowlMerchant] Bowler,[Sprzedawca Czasz] Bowler
CHARACTER_INC_000510,JeongHwa,JeongHwa
CHARACTER_INC_000512,Porgo,Porgo
CHARACTER_INC_000514,[Mayor of Saint City],[Burmistrz Miasta Świętych]
CHARACTER_INC_000516,[Chairman of History Society] Gothante,[Przewodniczący Towarzystwa Historii] Gothante
CHARACTER_INC_000518,[Manager of Ancient Document] Rovanett,[Kierownik Starych Dokumentów] Rovanett
CHARACTER_INC_000520,Colar,Colar
CHARACTER_INC_000522,Amadolka,Amadolka
CHARACTER_INC_000524,Nina,Nina
CHARACTER_INC_000526,ChiChi,ChiChi
CHARACTER_INC_000528,PiPi,PiPi
CHARACTER_INC_000530,Loyah,Loyah
CHARACTER_INC_000532,Mayun,Mayun
CHARACTER_INC_000534,Sotta,Sotta
CHARACTER_INC_000536,[Knight Master] Karandur,[Mistrz Rycerz] Karandur
CHARACTER_INC_000538,[Knight Wise-man] Hormes,[Mędrzec Rycerz] Hormes
CHARACTER_INC_000540,Kurmin,Kurmin
CHARACTER_INC_000542,[Knight Priest] Lobiet,[Ksiądz Rycerz] Lobiet
CHARACTER_INC_000544,[Knight Guardian] Boneper,[Strażnik Rycerz] Boneper
CHARACTER_INC_000546,[Blade Master] Corel,[Mistrz Miecz] Corel
CHARACTER_INC_000548,[Blade Wise-man] Guabrill,[Mędrzec Miecza] Guabrill
CHARACTER_INC_000550,Ata,Ata
CHARACTER_INC_000552,[Blade Priest] Jeperdy,[Ksiądz Miecz] Jeperdy
CHARACTER_INC_000554,[Blade Guardian] Sencyrit,[Strażnik Miecz] Sencyrit
CHARACTER_INC_000556,[Billposter Master] Ride,[Mistrz Bilbroker] Ride
CHARACTER_INC_000558,[Billposter Wise-man] Domek,[Mędrzec Propagandzista] Domek
CHARACTER_INC_000560,Segho,Segho
CHARACTER_INC_000562,[Billposter Priest] Fera,[Ksiądz Bilbroker] Fera
CHARACTER_INC_000564,[Billposter Guardian] Capafe,[Strażnik Bilbroker] Capafe
CHARACTER_INC_000566,[Ringmaster Master] Ellend,[Mistrz Mistrz Pierścieni] Ellend
CHARACTER_INC_000568,[Ringmaster Wise-man] Clamb,[Mędrzec Mistrz Pierścieni] Clamb
CHARACTER_INC_000570,Teshar,Teshar
CHARACTER_INC_000572,[Ringmaster Priest] Heedan,[Ksiądz Mistrz Pierścieni] Heedan
CHARACTER_INC_000574,[Ringmaster Guardian] Romvoette,[Strażnik Mistrz Pierścieni] Romvoette
CHARACTER_INC_000576,[Psykeeper Master] Cylor,[Mistrz Psykeeper] Cylor
CHARACTER_INC_000578,[Psykeeper Wise-man] Cuarine,[Mędrzec Psykeeper] Cuarine
CHARACTER_INC_000580,Ryupang,Ryupang
CHARACTER_INC_000582,[Psykeeper Priest] Pereb,[Ksiądz Psykeeper] Pereb
CHARACTER_INC_000584,[Psykeeper Guardian] Shyniff,[Strażnik Psykeeper] Shyniff
CHARACTER_INC_000586,[Elementor Master] Horison,[Mistrz Elementor] Horison
CHARACTER_INC_000588,[Elementor Wise-man] Cuzrill,[Mędrzec Elementora] Cuzrill
CHARACTER_INC_000590,Parine,Parine
CHARACTER_INC_000592,[Elementor Priest] Condram,[Ksiądz Elementor] Condram
CHARACTER_INC_000594,[Elementor Guardian] Wendien,[Strażnik Elementor] Wendien
CHARACTER_INC_000596,Tomba,Tomba
CHARACTER_INC_000598,Eoners,Eoners
CHARACTER_INC_000600,Ghalade,Ghalade
CHARACTER_INC_000602,Phoho,Phoho
CHARACTER_INC_000604,[Darken Mayor],[Burmistrz Darkenu]
CHARACTER_INC_000606,Darz,Darz
CHARACTER_INC_000608,Ivil Tobby,Ivil Tobby
CHARACTER_INC_000610,Ivil Dorry,Ivil Dorry
CHARACTER_INC_000612,Ivil Nana,Ivil Nana
CHARACTER_INC_000614,Ivil Tubby,Ivil Tubby
CHARACTER_INC_000616,Ivil Pho,Ivil Pho
CHARACTER_INC_000621,Firdryad,Firdryad
CHARACTER_INC_000623,Persdryad,Persdryad
CHARACTER_INC_000625,Peardryad,Peardryad
CHARACTER_INC_000627,Pinedryad,Pinedryad
CHARACTER_INC_000628,Hair Designer,Fryzjer
CHARACTER_INC_000629,Makeup Artist,Makijażystka
CHARACTER_INC_000633,Post Box,Skrzynka pocztowa
CHARACTER_INC_000671,[Pet Tamer],[Tamer Zwierząt]
CHARACTER_INC_000704,Buff Pang,Pang Buff
CHARACTER_INC_000706,[Arena Manager] Harold,[Kierownik Areny] Harold
CHARACTER_INC_000708,[Arena Store] Deek,[Sklep Areny] Deek
CHARACTER_INC_000712,[Arena Manager] Lay,[Kierownik Areny] Lay
CHARACTER_INC_000738,Card Master,Mistrz Kart
CHARACTER_INC_000742,[Jewel Manager] Peach,[Menedżer Klejnotów] Peach
CHARACTER_INC_000951,[Rock Scissor Paper NPC] Demian,[NPC Kamień Papier Nożyce] Demian
CHARACTER_INC_000847,[Mentor] Inisis,[Mentor] Inisis
CHARACTER_INC_001067,Reonan,Reonan
CHARACTER_INC_001069,Nerco,Nerco
CHARACTER_INC_001071,Hael,Hael
CHARACTER_INC_001073,Handel,Handel
CHARACTER_INC_001075,Zoro,Zoro
CHARACTER_INC_001077,Elaine,Elaine
CHARACTER_INC_001079,Ainher,Ainher
CHARACTER_INC_001081,Reodos,Reodos
CHARACTER_INC_001083,Sury,Sury
CHARACTER_INC_001115,Luzina,Luzina
CHARACTER_INC_001117,Nersha,Nersha
CHARACTER_INC_001123,Drico,Drico
CHARACTER_INC_100001,Locku,Locku
CHARACTER_INC_100002,Letana,Letana
CHARACTER_INC_100003,Nemra,Nemra
CHARACTER_INC_100004,YaoRin,YaoRin
CHARACTER_INC_100005,Zaoma,Zaoma
CHARACTER_INC_100008,Dekane,Dekane
CHARACTER_INC_100009,Launch Buff Pang,Pang Buff Startu
CHARACTER_INC_100010,Gigaka,Gigaka
CHARACTER_INC_100011,Miriun,Miriun
CHARACTER_INC_100012,Auxilior,Auxilior
CHARACTER_INC_100013,Mawrang,Mawrang
CHARACTER_INC_100014,Buur,Buur
CHARACTER_INC_100015,Gloves,Rękawice
CHARACTER_INC_100016,Kumah,Kumah
CHARACTER_INC_100017,Obnis,Obnis
CHARACTER_INC_100018,Airon,Airon
CHARACTER_INC_100019,Haom,Haom
CHARACTER_INC_100020,Mysterious Robed Girl,Tajemnicza Dziewczyna w Szatach
CHARACTER_INC_000697,[Chip Merchant] Waforu,[Handlarz Chipów] Waforu
CHARACTER_INC_100021,Azria Pang,Azria Pang
CHARACTER_INC_001260,Lifeguard Jennifer,Ratowniczka Jennifer
CHARACTER_INC_100022,[Lv80 Guild Siege Manager] Atlas,[Kierownik Oblężenia Gildii Lv80] Atlas
CHARACTER_INC_100023,[Lv60 Guild Siege Manager] Olivia,[Kierownik Oblężenia Gildii Lv60] Olivia
CHARACTER_INC_100024,Polar Bear,Miś Polarny
CHARACTER_INC_100025,Fu Lion King,Fu Lion King
CHARACTER_INC_100026,Cupid,Cupid
CHARACTER_INC_100027,[Master Quests] Leila,[Questy Mistrza] Leila
CHARACTER_INC_000722,Secret Room Manager,Kierownik Tajnego Pokoju
CHARACTER_INC_000723,Leren Chasm Guard,Strażnik Przepaści Leren
CHARACTER_INC_000724,Rhisis Catacombs Guard,Strażnik Katakumb Rhisis
CHARACTER_INC_000725,Envy Depths Guard,Strażnik Głębin Zawiści
CHARACTER_INC_000726,Guardiane Sanctuary Guard,Strażnik Świątyni Guardiane
CHARACTER_INC_000727,Storm Peak Guard,Strażnik Szczytu Burzy
CHARACTER_INC_000728,Rankashin,Rankashin
CHARACTER_INC_100028,Kebaras Pang,Kebaras Pang
CHARACTER_INC_100029,Pink Easter Bunny,Różowy Króliczek Wielkanocny
CHARACTER_INC_100030,Galaxy Scout,Scout Galaktyki
CHARACTER_INC_100031,Birthday Baker,Piekarz Urodzinowy
CHARACTER_INC_100032,[FWC Manager] Ava,[Kierownik FWC] Ava
CHARACTER_INC_100033,Gacha Machine,Maszyna Gacha
CHARACTER_INC_100034,Bach,Bach
CHARACTER_INC_100035,Private Leo,Private Leo
CHARACTER_INC_100036,Noah,Noah
CHARACTER_INC_100037,Conch,Conch
CHARACTER_INC_100038,Traveling Merchant,Wędrujący Kupiec
CHARACTER_INC_400000,[Token Merchant] Andrew,[Handlarz Tokenów] Andrew
CHARACTER_INC_100039,Molu,Molu
CHARACTER_INC_100040,Costume Box,Pudełko Kostiumów
CHARACTER_INC_100041,Pragas,Pragas
CHARACTER_INC_100042,Beltung,Beltung
CHARACTER_INC_100043,Gujane,Gujane
CHARACTER_INC_000729,The Wilds Guard,Strażnik Dzikiego Terenu
CHARACTER_INC_000730,Rainbow Race Officer,Oficer Wyścigu Tęczy
CHARACTER_INC_002000,Mysterious Islander,Tajemniczy Wyspiarz
CHARACTER_INC_002001,Pau Pau,Pau Pau
CHARACTER_INC_002002,Kammie,Kammie
CHARACTER_INC_002003,BoBu,BoBu
CHARACTER_INC_002004,Talus,Talus
CHARACTER_INC_002005,Inventor Remi,Inventor Remi
CHARACTER_INC_002006,Sunny Pang,Pang Słoneczny
CHARACTER_INC_000771,Charlie,Charlie
CHARACTER_INC_000772,[Guild House Manager] Lousiana,[Kierownik Domu Gildii] Lousiana
CHARACTER_INC_000773,Santa,Św. Mikołaj
CHARACTER_INC_100044,Diosa,Diosa
CHARACTER_INC_100200,Kalgas Assault Manager,Kierownik Szturmu Kalgas
CHARACTER_INC_003200,[Personal House NPC] Casanova,[NPC Domu Osobistego] Casanova
CHARACTER_INC_003201,[Personal House NPC] Misun,[NPC Domu Osobistego] Misun
CHARACTER_INC_003202,[Personal House NPC] Punk,[NPC Domu Osobistego] Punk
CHARACTER_INC_003203,[Personal House NPC] Temas,[NPC Domu Osobistego] Temas
CHARACTER_INC_003204,[Personal House NPC] BB Wolf,[NPC Domu Osobistego] BB Wolf
CHARACTER_INC_003205,[Personal House NPC] Chacha,[NPC Domu Osobistego] Chacha
CHARACTER_INC_003206,[Personal House NPC] Hatter,[NPC Domu Osobistego] Hatter
CHARACTER_INC_003207,[Personal House NPC] Alice,[NPC Domu Osobistego] Alice
CHARACTER_INC_003208,[Personal House NPC] Rulu,[NPC Domu Osobistego] Rulu
CHARACTER_INC_003209,[Personal House NPC] Demon,[NPC Domu Osobistego] Demon
CHARACTER_INC_003210,[Personal House NPC] Gevil,[NPC Domu Osobistego] Gevil
CHARACTER_INC_003211,[Personal House NPC] Sevil,[NPC Domu Osobistego] Sevil
CHARACTER_INC_003212,[Personal House NPC] Lala,[NPC Domu Osobistego] Lala
CHARACTER_INC_003213,[Personal House NPC] Tino,[NPC Domu Osobistego] Tino
CHARACTER_INC_003214,[Personal House NPC] Cachu,[NPC Domu Osobistego] Cachu
CHARACTER_INC_003215,[Personal House NPC] Pang,[NPC Domu Osobistego] Pang
CHARACTER_INC_003216,[Guild House NPC] Gira,[NPC Domu Gildii] Gira
CHARACTER_INC_003217,[Guild House NPC] Affe,[NPC Domu Gildii] Affe
CHARACTER_INC_003218,[Guild House NPC] Sham,[NPC Domu Gildii] Sham
CHARACTER_INC_003219,[Guild House NPC] Lamew,[NPC Domu Gildii] Lamew
CHARACTER_INC_003220,[Guild House NPC] Quarter,[NPC Domu Gildii] Quarter
CHARACTER_INC_003221,[Guild House NPC] Duron,[NPC Domu Gildii] Duron
CHARACTER_INC_003222,[Guild House NPC] Dolphie,[NPC Domu Gildii] Dolphie
CHARACTER_INC_003223,[Guild House NPC] Fuba,[NPC Domu Gildii] Fuba
CHARACTER_INC_003224,[Guild House NPC] Bako,[NPC Domu Gildii] Bako
CHARACTER_INC_003225,[Guild House NPC] Wick,[NPC Domu Gildii] Wick
CHARACTER_INC_003226,[Guild House NPC] Wina,[NPC Domu Gildii] Wina
CHARACTER_INC_003227,[Guild House NPC] Pitch,[NPC Domu Gildii] Pitch
CHARACTER_INC_003228,[Guild House NPC] Catch,[NPC Domu Gildii] Catch
CHARACTER_INC_003229,[Guild House NPC] Met,[NPC Domu Gildii] Met
CHARACTER_INC_003230,[Guild House NPC] Ego,[NPC Domu Gildii] Ego
CHARACTER_INC_003231,[Guild House NPC] Wifielder,[NPC Domu Gildii] Wifielder
CHARACTER_INC_003232,[Guild House NPC] Simid,[NPC Domu Gildii] Simid
CHARACTER_INC_003233,[Guild House NPC] Chord,[NPC Domu Gildii] Chord
CHARACTER_INC_003234,[Guild House NPC] Anura,[NPC Domu Gildii] Anura
CHARACTER_INC_003235,[Guild House NPC] Vikel,[NPC Domu Gildii] Vikel
CHARACTER_INC_003236,[Guild House NPC] Soz,[NPC Domu Gildii] Soz
CHARACTER_INC_003237,[Guild House NPC] Naso,[NPC Domu Gildii] Naso
CHARACTER_INC_003238,[Guild House NPC] Nuso,[NPC Domu Gildii] Nuso
CHARACTER_INC_003239,[Guild House NPC] Cobao,[NPC Domu Gildii] Cobao
CHARACTER_INC_003240,[Guild House NPC] Aibao,[NPC Domu Gildii] Aibao
CHARACTER_INC_003241,[Guild House NPC] Nanco,[NPC Domu Gildii] Nanco
CHARACTER_INC_003242,[Guild House NPC] Asa,[NPC Domu Gildii] Asa
CHARACTER_INC_003243,[Guild House NPC] Alyn,[NPC Domu Gildii] Alyn
CHARACTER_INC_003244,[Guild House NPC] Lane,[NPC Domu Gildii] Lane
CHARACTER_INC_003245,[Guild House NPC] Runni,[NPC Domu Gildii] Runni
CHARACTER_INC_003246,[Guild House NPC] Pang,[NPC Domu Gildii] Pang
CHARACTER_INC_000774,Orphanage Keeper,Opiekun Sierocińca
CHARACTER_INC_003247,Guest Book,Księga Gości
CHARACTER_INC_003248,Bomida,Bomida
CHARACTER_INC_003249,Negie,Negie
CHARACTER_INC_100100,Templates,Szablony
CHARACTER_INC_100101,Props,Rekwizyty
CHARACTER_INC_100102,NPCs,NPC-owie
CHARACTER_INC_000775,Chonjang,Chonjang
CHARACTER_INC_000776,[Event] Chonjang,[Wydarzenie] Chonjang
CHARACTER_INC_000777,Defconn,Defconn
CHARACTER_INC_000778,Anna,Anna
CHARACTER_INC_000779,Sea Shell,Sea Shell
CHARACTER_INC_000780,Mr. Flyff,Pan FlyFF
CHARACTER_INC_000781,[Event] Roger,[Wydarzenie] Roger
CHARACTER_INC_003250,[Personal House NPC] Klock,[NPC Domu Osobistego] Klock
CHARACTER_INC_100103,[Messenger of Love] Cupid,[Posłaniec Miłości] Cupid
CHARACTER_INC_003251,[Personal House NPC] Mac (F Grade),[NPC Domu Osobistego] Mac (F Grade)
CHARACTER_INC_003252,[Personal House NPC] Mac (E Grade),[NPC Domu Osobistego] Mac (E Grade)
CHARACTER_INC_003253,[Personal House NPC] Mac (D Grade),[NPC Domu Osobistego] Mac (D Grade)
CHARACTER_INC_003254,[Personal House NPC] Mac (C Grade),[NPC Domu Osobistego] Mac (C Grade)
CHARACTER_INC_003255,[Personal House NPC] Mac (B Grade),[NPC Domu Osobistego] Mac (B Grade)
CHARACTER_INC_003256,[Personal House NPC] Mac (A Grade),[NPC Domu Osobistego] Mac (A Grade)
CHARACTER_INC_140000,Couple Rings,Pierścienie Pary
CHARACTER_INC_100104,[Life Master] Livi,[Mistrz Życia] Livi
CHARACTER_INC_100105,Gathering Tool,Narzędzie Zbierania
CHARACTER_INC_100106,Sovann,Sovann
CHARACTER_INC_100107,[Event] Mr.Kang,[Wydarzenie] Mr.Kang
CHARACTER_INC_100108,Hyuna,Hyuna
CHARACTER_INC_100109,[Event] Boss Pang,[Wydarzenie] Boss Pang
CHARACTER_INC_100110,Wounded Revolutionary,Ranny Rewolucjonista
CHARACTER_INC_100111,[Event] Mr.Pumpkin,[Wydarzenie] Mr.Pumpkin
CHARACTER_INC_150001,[Airport Guard] Doran,[Strażnik Lotniska] Doran
CHARACTER_INC_150002,[Airport Guard] Chiron,[Strażnik Lotniska] Chiron
CHARACTER_INC_150003,[Airport Guard] Bran,[Strażnik Lotniska] Bran
CHARACTER_INC_150004,[Airport Guard] Karr,[Strażnik Lotniska] Karr
CHARACTER_INC_150005,[Airport Guard] Zerke,[Strażnik Lotniska] Zerke
CHARACTER_INC_150006,[Airport Guard] Elin,[Strażnik Lotniska] Elin
CHARACTER_INC_150007,[Eillun Guard] Gard,[Strażnik Eillun] Gard
CHARACTER_INC_150008,[Eillun Guard] Liont,[Strażnik Eillun] Liont
CHARACTER_INC_150009,[Eillun Guard] Serkan,[Strażnik Eillun] Serkan
CHARACTER_INC_150010,[Eillun Guard] Kras,[Strażnik Eillun] Kras
CHARACTER_INC_150011,[Eillun Guard] Maeron,[Strażnik Eillun] Maeron
CHARACTER_INC_150012,[Eillun Guard] Kerion,[Strażnik Eillun] Kerion
CHARACTER_INC_150013,[Eillun Guard] Raon,[Strażnik Eillun] Raon
CHARACTER_INC_150014,[Eillun Guard] Dreon,[Strażnik Eillun] Dreon
CHARACTER_INC_150015,[Eillun Guard] Merk,[Strażnik Eillun] Merk
CHARACTER_INC_150016,[Captain] Baron,[Kapitan] Baron
CHARACTER_INC_150017,Jarl,Jarl
CHARACTER_INC_150018,[Elder] Ayr,[Starzec] Ayr
CHARACTER_INC_150019,[Elder] Traitus,[Starzec] Traitus
CHARACTER_INC_150020,[Elder] Melak,[Starzec] Melak
CHARACTER_INC_150021,[Elder] Silar,[Starzec] Silar
CHARACTER_INC_150022,[Elder] Ebron,[Starzec] Ebron
CHARACTER_INC_150023,[Elder] Luteon,[Starzec] Luteon
CHARACTER_INC_150024,Liana,Liana
CHARACTER_INC_150025,[Jewel Manager] Teron,[Kierownik Klejnotów] Teron
CHARACTER_INC_150026,Haret,Haret
CHARACTER_INC_150027,Domir,Domir
CHARACTER_INC_150028,Toran,Toran
CHARACTER_INC_150029,Karen,Karen
CHARACTER_INC_150030,Nebrah,Nebrah
CHARACTER_INC_150031,Sena,Sena
CHARACTER_INC_150032,Rohan,Rohan
CHARACTER_INC_150033,Belia,Belia
CHARACTER_INC_150034,Kerin,Kerin
CHARACTER_INC_150035,Artin,Artin
CHARACTER_INC_150036,Pael,Pael
CHARACTER_INC_150037,Lumi,Lumi
CHARACTER_INC_150038,Ivelyn,Ivelyn
CHARACTER_INC_150039,Selin,Selin
CHARACTER_INC_150040,Kaela,Kaela
CHARACTER_INC_150041,[Pet Tamer] Livia,[Treszczył Zwierząt] Livia
CHARACTER_INC_150042,Taila,Taila
CHARACTER_INC_150043,Weevs,Weevs
CHARACTER_INC_150044,[Mysterious] ??? ,[Tajemniczy] ???
CHARACTER_INC_150045,[Expedition] Beck,[Ekspedycja] Beck
CHARACTER_INC_150046,Asylum Guard,Strażnik Azylu
CHARACTER_INC_150047,Mysterious Adventurer,Tajemniczy Poszukiwacz Przygód
CHARACTER_INC_150048,Jarl (Dying),Jarl (Umierający)
CHARACTER_INC_150049,[PTS Manager] Mewdev,[Kierownik PTS] Mewdev
CHARACTER_INC_150050,Miorang,Miorang
CHARACTER_INC_150051,Cheirang,[Poczta] Cheirang
CHARACTER_INC_150052,[Village Chief] Huntrang,[Wódz Wioski] Huntrang
CHARACTER_INC_150053,[Arena Manager] Aerin,[Kierownik Areny] Aerin
